step,elapsed_s,loss,pos_err_mm,loss_position,loss_joint_limits,loss_singularity,mean_manipulability,lr
1,1.0,0.1436014622449875,141.84635877609253,0.1418464183807373,3.207978124919464e-06,0.00035036701592616737,0.05387908220291138,0.0009999999891434352
1000,113.6,0.07517543435096741,73.44622910022736,0.07344632595777512,9.948780643753707e-06,0.00034383207093924284,0.05260629579424858,0.0009891830623632322
2000,278.1,0.06204870343208313,60.40419638156891,0.06040431559085846,2.7894522645510733e-05,0.00032329876557923853,0.05386079102754593,0.0009572050015330656
3000,435.0,0.05410921573638916,52.28371173143387,0.052283838391304016,3.6864879803033546e-05,0.00035770260728895664,0.0529090017080307,0.000905463412215578
4000,578.3,0.04468655586242676,43.05916279554367,0.0430593267083168,2.2648584490525536e-05,0.0003209157148376107,0.05309266597032547,0.0008362196501476165
5000,729.4,0.04303674027323723,41.247621178627014,0.04124779254198074,4.256854663253762e-05,0.00034927562228403986,0.053869158029556274,0.0007524999999999829
6000,821.0,0.03857005015015602,36.9238555431366,0.03692404180765152,3.18456077366136e-05,0.0003228331624995917,0.05431016907095909,0.0006579634122155828
7000,915.4,0.03447515144944191,32.75974839925766,0.03275996446609497,4.256057218299247e-05,0.0003345250152051449,0.05412382632493973,0.0005567415893174751
8000,1009.5,0.030840814113616943,29.20064888894558,0.02920088917016983,3.815225136349909e-05,0.00032035441836342216,0.05490325763821602,0.00045325841068249886
9000,1102.1,0.02758501097559929,25.894930586218834,0.02589520625770092,2.734444205998443e-05,0.0003324922581668943,0.05453421548008919,0.00035203658778439105
10000,1196.6,0.026288874447345734,24.58934858441353,0.024589642882347107,4.4843465730082244e-05,0.00033087763586081564,0.05336848273873329,0.0002574999999999932
11000,1288.5,0.02447865530848503,22.81622774899006,0.02281653881072998,3.097191802226007e-05,0.00032622896833345294,0.054696016013622284,0.0001737803498523622
12000,1382.3,0.023896899074316025,22.197049111127853,0.022197384387254715,3.1001083698356524e-05,0.0003337027446832508,0.0541670098900795,0.00010453658778440023
13000,1483.8,0.02276812307536602,21.10452577471733,0.021104879677295685,2.3069454982760362e-05,0.0003280349192209542,0.05411429703235626,5.2794998466912655e-05
14000,1594.4,0.02192688174545765,20.207785069942474,0.020208150148391724,2.4394596039201133e-05,0.00033886724850162864,0.054020319133996964,2.0816937636766703e-05
15000,1704.4,0.021762128919363022,19.974689930677414,0.01997506432235241,4.035948950331658e-05,0.0003493409603834152,0.05283874273300171,1e-05
