step,elapsed_s,loss,pos_err_mm,loss_position,loss_joint_limits,loss_singularity,mean_manipulability,lr,hard_err_mm
1,0.7,0.19125431776046753,180.85449934005737,0.1705668717622757,0.00010070696589536965,0.00034311239141970873,0.053478945046663284,0.0009999999618323897,0.0
500,101.1,0.06425213813781738,44.991105794906616,0.04913435876369476,5.7064302382059395e-05,0.000251011922955513,0.05716154724359512,0.0009904887137995983,0.0
1000,210.7,0.0536823496222496,31.052935868501663,0.03606764227151871,5.779416824225336e-05,0.0002926152083091438,0.05451948195695877,0.0009623203685930756,0.0
1500,333.8,0.04819885641336441,27.42372266948223,0.031735170632600784,7.719553104834631e-05,0.0002731081913225353,0.056844569742679596,0.0009165774580897481,0.0
2000,434.2,0.04294600337743759,23.40499684214592,0.02738972380757332,5.763668377767317e-05,0.0002583107561804354,0.05795271694660187,0.0008550178566873316,0.0
2500,531.4,0.04012612998485565,20.25473117828369,0.02448374219238758,0.0001372925762552768,0.00025841829483397305,0.05890090763568878,0.0007800072653446953,0.0
3000,678.4,0.03584431856870651,17.29205623269081,0.021478990092873573,5.7505269069224596e-05,0.00023846374824643135,0.057500019669532776,0.0006944282990207139,0.0
3500,807.1,0.033778246492147446,15.543883666396141,0.019656531512737274,0.0001699671702226624,0.00023252915707416832,0.05807910114526749,0.0006015697093979795,0.0
4000,904.1,0.0324401892721653,14.606457203626633,0.01833820343017578,0.00010722843580879271,0.000233245940762572,0.05913248285651207,0.0005049999999999969,0.0
4500,1000.7,0.0321754515171051,13.830042444169521,0.01754162460565567,7.68160680308938e-05,0.00024261686485260725,0.05799615755677223,0.0004084302906020137,0.0
5000,1135.2,0.03107418864965439,12.979804538190365,0.016587253659963608,6.520305760204792e-05,0.00024036220565903932,0.05799005553126335,0.00031557170097927886,0.0
5500,1298.3,0.029620064422488213,12.835992500185966,0.01634223572909832,7.794384873704985e-05,0.00021999808086548,0.0589340440928936,0.00022999273465529606,0.0
6000,1466.6,0.029398014768958092,11.982692405581474,0.015549229457974434,8.519912807969376e-05,0.00022939310292713344,0.05898392200469971,0.0001549821433126585,0.0
6500,1629.7,0.02811203896999359,11.934766545891762,0.015277099795639515,0.00011436044587753713,0.0002120096469298005,0.05946369469165802,9.342254191024013e-05,0.0
7000,1808.2,0.028002001345157623,11.768274009227753,0.015280060470104218,6.058999861124903e-05,0.00021102250320836902,0.060271091759204865,4.7679631406913335e-05,0.0
7500,1987.3,0.02844390459358692,11.402394622564316,0.015090957283973694,7.071417348925024e-05,0.00022137054475024343,0.05945932865142822,1.951128620040119e-05,0.0
8000,2161.3,0.029329894110560417,11.669952422380447,0.015370618551969528,7.063364319037646e-05,0.00023147737374529243,0.059623826295137405,1e-05,0.0
