step,elapsed_s,loss,pos_err_mm,loss_position,loss_joint_limits,loss_singularity,mean_manipulability
1,0.2,0.164261132478714,280.4681658744812,0.16424596309661865,1.2926069757668301e-05,2.245970335934544e-06,0.06632326543331146
500,18.7,0.09865524619817734,221.39957547187805,0.09827490150928497,0.00037817511474713683,2.1666746761184186e-06,0.06463700532913208
1000,36.0,0.08075854927301407,187.87948787212372,0.08048512041568756,0.00026921791140921414,4.206572612019954e-06,0.06462889909744263
1500,54.2,0.06252940744161606,155.42906522750854,0.06216774880886078,0.000356637203367427,5.022271579946391e-06,0.06349018216133118
2000,72.8,0.06484691053628922,155.14466166496277,0.06433793902397156,0.0005053196800872684,3.650231064966647e-06,0.06414367258548737
2500,91.6,0.0534936785697937,137.13997602462769,0.052910901606082916,0.0005784129607491195,4.361104402050842e-06,0.06414059549570084
3000,110.8,0.05104326084256172,131.39082491397858,0.050619080662727356,0.0004196861700620502,4.4938133214600384e-06,0.06408873200416565
3500,129.6,0.04930215701460838,130.113422870636,0.04867395758628845,0.000624234729912132,3.9649430618737824e-06,0.06657041609287262
4000,148.3,0.0515693761408329,127.63097882270813,0.0510399229824543,0.0005261501064524055,3.30614966514986e-06,0.06668537855148315
4500,166.7,0.044158075004816055,122.62555211782455,0.043642088770866394,0.0005114951636642218,4.491512754611904e-06,0.06616666167974472
5000,185.8,0.04868677631020546,124.14682656526566,0.048077769577503204,0.000605979876127094,3.028557330253534e-06,0.0668732076883316
5500,204.4,0.05120305344462395,127.8643012046814,0.050498686730861664,0.0006999987526796758,4.370574515633052e-06,0.06774094700813293
6000,222.9,0.05017164349555969,120.0452372431755,0.049712516367435455,0.0004560809175018221,3.0489341042994056e-06,0.06581784784793854
6500,242.0,0.048385560512542725,117.23928153514862,0.0477115623652935,0.0006698347860947251,4.165507561992854e-06,0.06697482615709305
7000,260.9,0.046269308775663376,116.90579354763031,0.04566478356719017,0.0006004622555337846,4.063544110977091e-06,0.06593543291091919
7500,278.9,0.047744620591402054,115.70380628108978,0.046928297728300095,0.0008121185237541795,4.207194251648616e-06,0.06840094178915024
8000,298.1,0.045030608773231506,115.5562549829483,0.04440205171704292,0.0006255522603169084,3.0046521715121344e-06,0.06730592250823975
8500,317.0,0.042073555290699005,111.18169873952866,0.04154433310031891,0.0005262159975245595,3.005899088748265e-06,0.06758623570203781
9000,335.7,0.04821465536952019,120.5916702747345,0.04749317467212677,0.0007175671635195613,3.916768946510274e-06,0.066622294485569
9500,355.1,0.04543369263410568,115.67181348800659,0.044676974415779114,0.000752244028262794,4.472497039387235e-06,0.06819271296262741
10000,374.0,0.04803602024912834,119.51807141304016,0.0471135675907135,0.0009202269720844924,2.2230465219763573e-06,0.06898264586925507
